Image file,Title,Description,Destination link,Board,Alt text
"pins/sideshow-1_8-sideshow-posters.jpg","8 Printable Vintage Halloween Posters (Victorian Sideshow)","Turn your walls into a Victorian sideshow. Eight printable carnival broadsides in burgundy and ink — the Hollow Man, Madame Vesper, the Hall of Mirrors. Print at home tonight, frame them by morning. A4 and US Letter both included. Instant download.","https://certifiedhooper.netlify.app/halloween/p/sideshow.html","Vintage Halloween Decor","8 Printable Vintage Halloween Posters (Victorian Sideshow) — printable, instant download"
"pins/sideshow-2_he-casts-no-shadow.jpg","Victorian Sideshow Poster Set — Gothic Halloween Wall Art","Vintage Halloween wall art that isn't orange plastic. Eight sideshow posters set like real 19th-century playbills, in burgundy, plum and ink. Instant download, print at home, A4 + US Letter.","https://certifiedhooper.netlify.app/halloween/p/sideshow.html","Vintage Halloween Decor","Victorian Sideshow Poster Set — Gothic Halloween Wall Art — printable, instant download"
"pins/sideshow-3_a-quieter-halloween.jpg","Vintage Halloween Decor Printables — Burgundy & Antique Gold","A quieter Halloween: burgundy, plum and antique gold instead of orange and black. Letterpress-style printable posters you print at home. Instant download.","https://certifiedhooper.netlify.app/halloween/p/sideshow.html","Vintage Halloween Decor","Vintage Halloween Decor Printables — Burgundy & Antique Gold — printable, instant download"
"pins/poison-1_30-poison-jar-labels.jpg","30 Printable Poison Bottle Labels — Vintage Apothecary Jars","Thirty printable apothecary labels for the shelf you don't let guests near. Real botanicals with real Latin names and dosing notes that are none of your business. Fits standard jars. Instant download, A4 + US Letter.","https://certifiedhooper.netlify.app/halloween/p/poison.html","Witch Kitchen & Apothecary","30 Printable Poison Bottle Labels — Vintage Apothecary Jars — printable, instant download"
"pins/poison-2_belladonna-hemlock-wolfsbane.jpg","Witch Kitchen Jar Labels Printable — Poison Apothecary Set","Turn any jar into something out of the poison cabinet. Thirty vintage apothecary labels — belladonna, hemlock, wolfsbane, mandrake root. Print, cut, stick. Instant download.","https://certifiedhooper.netlify.app/halloween/p/poison.html","Witch Kitchen & Apothecary","Witch Kitchen Jar Labels Printable — Poison Apothecary Set — printable, instant download"
"pins/poison-3_two-drops-no-more.jpg","Halloween Potion Labels Printable — Gothic Apothecary Decor","Gothic apothecary labels with the detail most printables skip: real Latin binomials and proper dosing notes. Three alternating designs across thirty labels. Instant download.","https://certifiedhooper.netlify.app/halloween/p/poison.html","Witch Kitchen & Apothecary","Halloween Potion Labels Printable — Gothic Apothecary Decor — printable, instant download"
"pins/party-1_haunted-carnival-party-kit.jpg","Printable Halloween Party Kit — Vintage Haunted Carnival Decor","A whole Halloween party in one file: invitations, a banner that spells HAUNTED CARNIVAL, four photo-booth signs, table tents and a drinks menu with seven cocktails already written. Print tonight, host tomorrow. Instant download.","https://certifiedhooper.netlify.app/halloween/p/party.html","Halloween Party Ideas","Printable Halloween Party Kit — Vintage Haunted Carnival Decor — printable, instant download"
"pins/party-2_a-party-in-one-file.jpg","Halloween Party Decorations Printable — Invitation, Banner, Signs","Everything the room needs in one download — and nothing to post, so there's no shipping cut-off to miss. Invitations, banner, photo-booth signs, table tents, menu. Instant download, A4 + US Letter.","https://certifiedhooper.netlify.app/halloween/p/party.html","Printables to Print Tonight","Halloween Party Decorations Printable — Invitation, Banner, Signs — printable, instant download"
"pins/party-3_step-right-up.jpg","Vintage Circus Halloween Party Printables — Banner & Signs","Step right up. Eight sheets of vintage carnival party decor — pennant banner, photo-booth signs, table tents, invitations and a drinks menu. Instant download.","https://certifiedhooper.netlify.app/halloween/p/party.html","Halloween Party Ideas","Vintage Circus Halloween Party Printables — Banner & Signs — printable, instant download"
"pins/tickets-1_40-tickets-tags-and-tokens.jpg","Printable Vintage Carnival Tickets — 40 Tags, Stubs & Tokens","Forty printable pieces: twelve numbered admission stubs with tear-off spines, twelve punch-hole gift tags and sixteen ride tokens. The detail that makes a party look planned. Instant download.","https://certifiedhooper.netlify.app/halloween/p/tickets.html","Halloween Party Ideas","Printable Vintage Carnival Tickets — 40 Tags, Stubs & Tokens — printable, instant download"
"pins/tickets-2_admit-one.jpg","Admit One Ticket Printable — Vintage Halloween Party Favors","Vintage admit-one tickets you print at home — numbered, with a proper tear-off spine. Twelve stubs, twelve gift tags, sixteen tokens. Instant download.","https://certifiedhooper.netlify.app/halloween/p/tickets.html","Halloween Party Ideas","Admit One Ticket Printable — Vintage Halloween Party Favors — printable, instant download"
"pins/table-1_the-mourning-table.jpg","Halloween Dinner Party Printables — Place Cards, Menu, Table Numbers","Set a Halloween table properly. Sixteen fold-over place cards, a six-course menu, table numbers I–XII and a seating plan for the door. Gothic, quiet, and not a plastic spider in sight. Instant download.","https://certifiedhooper.netlify.app/halloween/p/table.html","Gothic Tablescapes & Dinner Parties","Halloween Dinner Party Printables — Place Cards, Menu, Table Numbers — printable, instant download"
"pins/table-2_six-courses-one-empty-chair.jpg","Gothic Tablescape Printables — Victorian Halloween Dinner Set","A Victorian dinner service for the last night of October — place cards, menu, table numbers and seating plan, all printable. Seats sixteen. Instant download, A4 + US Letter.","https://certifiedhooper.netlify.app/halloween/p/table.html","Gothic Tablescapes & Dinner Parties","Gothic Tablescape Printables — Victorian Halloween Dinner Set — printable, instant download"
"pins/wallpapers-1_12-phone-wallpapers.jpg","12 Halloween Phone Wallpapers — Dark Academia Lock Screens","Twelve gaslit Halloween phone wallpapers with vintage carnival type, set low so it clears your lock-screen clock. iPhone and Android sizes both included. Instant download.","https://certifiedhooper.netlify.app/halloween/p/wallpapers.html","Halloween Phone Wallpapers","12 Halloween Phone Wallpapers — Dark Academia Lock Screens — printable, instant download"
"pins/wallpapers-2_it-never-stops-turning.jpg","Dark Academia Phone Wallpaper Pack — Vintage Halloween","Moody vintage Halloween wallpapers for your phone — plum, oxblood and antique gold, with the type set low and clear of your clock. 12 designs, iPhone + Android. Instant download.","https://certifiedhooper.netlify.app/halloween/p/wallpapers.html","Halloween Phone Wallpapers","Dark Academia Phone Wallpaper Pack — Vintage Halloween — printable, instant download"
"pins/vault-1_the-whole-vault.jpg","Vintage Halloween Printable Bundle — 27 Pages + 24 Wallpapers","Every Halloween printable in one bundle: eight sideshow posters, thirty poison labels, a full party kit, forty tickets and tags, a dinner set for sixteen and twelve phone wallpapers. 27 pages plus 24 wallpapers, $51 of printables. Instant download.","https://certifiedhooper.netlify.app/halloween/p/vault.html","Vintage Halloween Decor","Vintage Halloween Printable Bundle — 27 Pages + 24 Wallpapers — printable, instant download"
"pins/vault-2_both-weekends.jpg","Last Minute Halloween Decor — Printable, Ready Tonight","Halloween falls on a Saturday this year, so the parties run both weekends. These are instant downloads — print them the same night, nothing to post and no shipping cut-off to miss. Instant download.","https://certifiedhooper.netlify.app/halloween/p/vault.html","Printables to Print Tonight","Last Minute Halloween Decor — Printable, Ready Tonight — printable, instant download"
